20241018	bk-job	__TYPE__	0.6.6-beta.6	3.9.6-beta.6	重要补丁
20241024	bk_lesscode	__TYPE__	1.1.0-beta.18	--	重要补丁
20241108	bcs-services-stack	__TYPE__	1.29.4	1.29.4	重要补丁
20241108	bk-apigateway	__TYPE__	1.13.21	1.13.21	重要补丁
20241108	bk-ci	__TYPE__	3.0.11-beta.5	3.0.11-beta.5	
20241108	bk-job	__TYPE__	0.6.6-beta.7	3.9.6-beta.7	
20241108	bk-log-search	__TYPE__	4.7.4-beta.7	4.7.4-beta.7	
20241108	bk-monitor	__TYPE__	3.9.0-beta.15	3.9.0-beta.9	
20241108	bk-nodeman	__TYPE__	2.4.7	2.4.7	
20241108	bk_notice	__TYPE__	1.5.11	--	
20241128	bk_lesscode	__TYPE__	1.1.0-beta.24	--	
20241205	bk-gse-ce	__TYPE__	2.1.6-beta.31	2.1.6-beta.31	
20241205	gse_agent	__TYPE__	2.1.6-beta.31	--	
20241205	gse_proxy	__TYPE__	2.1.6-beta.31	--	
20241205	bk-ci	__TYPE__	3.0.11-beta.7	3.0.11-beta.7	重要补丁
20241205	bk-job	__TYPE__	0.6.6-beta.8	3.9.6-beta.8	
20241205	bk-codecc	__TYPE__	3.1.2-beta.1	3.1.2-beta.1	重要补丁
20241212	bk_flow_engine	__TYPE__	1.9.0	--	
20241212	bkmonitor-operator-stack	__TYPE__	3.6.148	3.6.0	
20241212	bkmonitorbeat	__TYPE__	3.53.2568	--	
20241217	bk_itsm	__TYPE__	2.7.3	--	
20250116	bkmonitor-operator-stack	__TYPE__	3.6.151	3.6.0
20250116	bk-collector	__TYPE__	0.76.2732	--	
20250213	bk-ci	__TYPE__	3.0.13	3.0.13	
20250306	bkmonitor-operator-stack	__TYPE__	3.6.152	3.6.0
20250306	bkmonitorbeat	__TYPE__	3.57.2872	--	
20250306	bk-collector	__TYPE__	0.77.2871	--	
20250403	bk-monitor	__TYPE__	3.9.0-beta.17	3.9.0-beta.9	
20250410	bkmonitor-operator-stack	__TYPE__	3.6.155	3.6.0
20250508	bk_lesscode	__TYPE__	1.1.0-beta.32	--	安全更新
20250529	bkapp-log-collection	__TYPE__	1.1.16	1.1.16	重要补丁
20250605	bk-nodeman	__TYPE__	2.4.8	2.4.8	
20250703	bk-monitor	__TYPE__	3.9.0-beta.19	3.9.0-beta.10	安全更新
20250704	bk-log-search	__TYPE__ 	4.7.4-beta.9	4.7.4-beta.9	安全更新
20250704	bk-log-collector	__TYPE__	0.4.4	7.7.2-rc.107
20250704	bkunifylogbeat	__TYPE__	7.7.2-rc.107	--
20250704	bkmonitor-operator-stack	__TYPE__	3.6.158	3.62.3267
20250704	bkmonitorbeat	__TYPE__	3.62.3267	--
20250704	bk-nodeman	__TYPE__	2.4.10	2.4.10
20250704	bk-nodeman	__TYPE__	2.4.11	2.4.11	安全更新
20250704	bk_sops	__TYPE__	3.33.12	--	安全更新
20250704	bk_itsm	__TYPE__	2.7.6	--	安全更新
20250705	bk_flow_engine	__TYPE__	1.9.4	--	安全更新
20250705	bk_itsm	__TYPE__	2.7.7	--	安全更新
20250706	bk-log-search	__TYPE__ 	4.7.4-beta.10	4.7.4-beta.9	安全更新
20250706	bk_itsm	__TYPE__	2.7.8	--	安全更新
20250706	bk-nodeman	__TYPE__	2.4.11-beta.1863	2.4.11-beta.1863	安全更新
20250706	bk_sops	__TYPE__	3.33.13	--	安全更新
20250706	bk_flow_engine	__TYPE__	1.9.5	--	安全更新
20250707	bk-apigateway	__TYPE__	1.13.22	1.13.22	安全更新
20250707	bk_sops	__TYPE__	3.33.14	--	安全更新
20250707	bk_flow_engine	__TYPE__	1.9.6	--	安全更新
20250707	bk-monitor	__TYPE__	3.9.0-beta.22	3.9.0-beta.13	安全更新
20250708	bk-apigateway	__TYPE__	1.13.24	1.13.24	安全更新
20250708	bk-nodeman	__TYPE__	2.4.12-beta.1874	2.4.12-beta.1874	安全更新
20250708	bkpaas3	__TYPE__	1.6.0-beta.19	1.6.0-beta.19	安全更新
20250708	bk-monitor	__TYPE__	3.9.0-beta.25	3.9.0-beta.17	安全更新
20250708	bk_itsm	__TYPE__	2.7.9	--	安全更新
20250708	bk_sops	__TYPE__	3.33.15	--	安全更新
20250708	bk_flow_engine	__TYPE__	1.9.7	--	安全更新
20250709	bk-apigateway	__TYPE__	1.13.25	1.13.25	安全更新
20250710	bkpaas3	__TYPE__	1.6.0-beta.21	1.6.0-beta.21	安全更新
20250711	bk-job	__TYPE__	0.7.3-beta.3	3.10.3-beta.3	安全更新
20250711	bk_itsm	__TYPE__	2.7.10	--	安全更新
20250711	bk-ci	__TYPE__	3.0.14-alpha.1	3.0.14-alpha.1	安全更新
20250711	bkpaas-app-operator	__TYPE__	1.6.0-beta.22	1.6.0-beta.22	安全更新
20250711	bkpaas3	__TYPE__	1.6.0-beta.22	1.6.0-beta.22	安全更新
20250711	bk-nodeman	__TYPE__	2.4.12-beta.1890	2.4.12-beta.1890	安全更新
20250714	bk-monitor	__TYPE__	3.9.0-beta.26	3.9.0-beta.18	安全更新
20250714	bcs-services-stack	__TYPE__	1.29.6	1.29.6	安全更新
20250715	bk-job	__TYPE__	0.7.3-beta.4	3.10.3-beta.4	安全更新
20250715	bk-cmdb	__TYPE__	3.15.6	3.14.6	重要补丁
20250715	bk_cmdb_saas	__TYPE__	3.14.6	--	重要补丁
20250715	bkpaas-app-operator	__TYPE__	1.6.0-beta.23	1.6.0-beta.23	安全更新
20250715	bkpaas3	__TYPE__	1.6.0-beta.23	1.6.0-beta.23	安全更新
20250718	bk_itsm	__TYPE__	2.7.11	--	安全更新
20250722	bk_sops	__TYPE__	3.34.2	--	安全更新
20250723	bk-log-search	__TYPE__ 	4.7.4-beta.12	4.7.4-beta.12	安全更新
20250724	bk-monitor	__TYPE__	3.9.0-beta.27	3.9.0-beta.20	安全更新
20250725	bcs-services-stack	__TYPE__	1.29.8	1.29.8	安全更新
